{
  "dp": {
    "fa_per_24h": 53.23384273330729,
    "fn": 747.0,
    "fp": 966.0,
    "name": "DP",
    "sensitivity": 30.511627906976745,
    "tp": 328.0
  },
  "epoch": {
    "fa_per_24h": 259.22566896219206,
    "fn": 250459.0,
    "fp": 18816.0,
    "name": "EPOCH",
    "sensitivity": 11.860798203847791,
    "tp": 33704.0
  },
  "ira": {
    "multi_class_kappa": 0.18874384538128447,
    "name": "IRA",
    "per_label_kappa": {
      "bckg": 0.18874384538128258,
      "seiz": 0.18874384538128258
    }
  },
  "ovlp": {
    "fa_per_24h": 29.537618742290594,
    "fn": 822.0,
    "fp": 536.0,
    "name": "OVLP",
    "sensitivity": 23.53488372093023,
    "tp": 253.0
  },
  "taes": {
    "fa_per_24h": 30.461710971183077,
    "fn": 941.1586245412731,
    "fp": 552.7689020231412,
    "name": "TAES",
    "sensitivity": 12.450360507788584,
    "tp": 133.84137545872733
  }
}
