{
  "dp": {
    "fa_per_24h": 53.2338,
    "fn": 747.0,
    "fp": 966.0,
    "sensitivity": 30.511627906976745,
    "tp": 328.0
  },
  "epoch": {
    "fa_per_24h": 259.2257,
    "fn": 250459.0,
    "fp": 18816.0,
    "sensitivity": 11.860798203847791,
    "tp": 33704.0
  },
  "ira": {
    "multi_class_kappa": 0.1887,
    "per_label_kappa": {
      "bckg": 0.1887,
      "seiz": 0.1887
    }
  },
  "overlap": {
    "fa_per_24h": 29.5376,
    "fn": 822.0,
    "fp": 536.0,
    "sensitivity": 23.53488372093023,
    "tp": 253.0
  },
  "taes": {
    "fa_per_24h": 30.4617,
    "fn": 941.16,
    "fp": 552.77,
    "sensitivity": 12.450232558139534,
    "tp": 133.84
  }
}
