{
  "dp": {
    "tp": 328.0,
    "fp": 966.0,
    "fn": 747.0,
    "sensitivity": 30.511627906976745,
    "fa_per_24h": 0.0
  },
  "epoch": {
    "tp": 0.0,
    "fp": 0.0,
    "fn": 0.0,
    "sensitivity": 0.0,
    "fa_per_24h": 0.0
  },
  "overlap": {
    "tp": 253.0,
    "fp": 536.0,
    "fn": 822.0,
    "sensitivity": 23.53488372093023,
    "fa_per_24h": 0.0
  },
  "taes": {
    "tp": 133.84,
    "fp": 552.77,
    "fn": 941.16,
    "sensitivity": 12.450232558139534,
    "fa_per_24h": 0.0
  },
  "ira": {
    "multi_class_kappa": 0.1887,
    "per_label_kappa": {
      "seiz": 0.1887,
      "bckg": 0.1887
    }
  }
}