{
  "taes": {
    "tp": 133.84137545872733,
    "fp": 552.7689020231412,
    "fn": 941.1586245412731,
    "sensitivity": 12.450360507788584,
    "fa_per_24h": 30.461710971183077,
    "name": "TAES"
  },
  "epoch": {
    "tp": 33713.0,
    "fp": 18829.0,
    "fn": 250450.0,
    "sensitivity": 11.86396540014006,
    "fa_per_24h": 259.404768329566,
    "name": "EPOCH"
  },
  "ovlp": {
    "tp": 253.0,
    "fp": 536.0,
    "fn": 822.0,
    "sensitivity": 23.53488372093023,
    "fa_per_24h": 29.537618742290594,
    "name": "OVLP"
  },
  "dp": {
    "tp": 328.0,
    "fp": 966.0,
    "fn": 747.0,
    "sensitivity": 30.511627906976745,
    "fa_per_24h": 53.23384273330729,
    "name": "DP"
  }
}